[
  {
    "models": [
      "clutter\\imperial\\impchandelliercandle01.nif",
      "clutter\\imperial\\impchandelliercandle02.nif",
      "clutter\\imperial\\impchandelliercandle03.nif",
      "dlc01\\architecture\\snowelfruins\\seruinschandelier01.nif",
      "clutter\\obs_lightfixtures\\obs_silverchandelier_foot_01.nif",
      "clutter\\obs_lightfixtures\\obs_silverchandelier_pole_01.nif",
      "clutter\\obs_lightfixtures\\obs_silverchandelierlarge_01.nif",
      "clutter\\obs_lightfixtures\\obs_silverchandeliersmall_01.nif",
      "clutter\\obs_lightfixtures\\obs_silverchandeliermedium_01.nif"
    ],
    "lights": [
      {
        "points": [
          [0.0, 0.0, -100.0]
        ],
        "data": {
          "light": "Lux_FakeFlickerNS",
          "fade": 1.6,
          "cutoff": 0.1,
          "flags": "InverseSquare|NoExternalEmittance"
        }
      }
    ]
  },
  {
    "models": [
      "clutter\\candles\\candlehornchandelier01.nif",
      "clutter\\candles\\candlehornchandelier02.nif",
      "Horn Candle Variants\\candlehornchandelier01_HCV.nif",
      "Horn Candle Variants\\candlehornchandelier02_HCV.nif"
    ],
    "lights": [
      {
        "points": [[0.0, 0.0, -30.0]],
        "data": {
          "light": "Lux_FakeFlickerNS",
          "fade": 0.8,
          "cutoff": 0.03,
          "flags": "InverseSquare|NoExternalEmittance"
        }
      }
    ]
  }
]
