[
  {
    "lights": [
      {
        "data": {
          "cutoff": 0.08,
          "fade": 0.35,
          "flags": "InverseSquare|Flicker|IgnoreScale",
          "light": "Lux_FakeFlickerNS"
        },
        "points": [
          [
            0.0,
            -25.0,
            45.0
          ]
        ]
      }
    ],
    "models": [
      "DynamicCandles\\arcandleplate01.nif",
      "DynamicCandles\\arcandleplate01off.nif",
      "DynamicCandles\\arcandleplate02.nif"
    ]
  },
  {
    "lights": [
      {
        "data": {
          "cutoff": 0.08,
          "fade": 0.35,
          "flags": "InverseSquare|Flicker|IgnoreScale",
          "light": "Lux_FakeFlickerNS"
        },
        "points": [
          [
            0.0,
            -50.0,
            45.0
          ]
        ]
      }
    ],
    "models": [
      "DynamicCandles\\candlehornwall01.nif"
    ]
  },
  {
    "lights": [
      {
        "data": {
          "cutoff": 0.1,
          "size": 1.7,
          "fade": 0.8,
          "flags": "InverseSquare|Flicker|IgnoreScale",
          "light": "Lux_FakeFlickerNS"
        },
        "points": [
          [
            0.0,
            -25.0,
            45.0
          ]
        ]
      }
    ],
    "models": [
      "clutter\\candles\\candlehornwall01.nif",
      "clutter\\candles\\candlehorntable01.nif",
      "Horn Candle Variants\\candlehorntable01_HCV.nif",
      "Horn Candle Variants\\candlehornwall01_HCV.nif"
    ]
  },
  {
    "lights": [
      {
        "data": {
          "cutoff": 0.08,
          "fade": 0.35,
          "flags": "InverseSquare|Flicker|IgnoreScale",
          "light": "Lux_FakeFlickerNS"
        },
        "points": [
          [
            0.0,
            30.0,
            45.0
          ]
        ]
      }
    ],
    "models": [
      "clutter\\obs_lightfixtures\\obs_silvercandlesconce_01.nif",
      "clutter\\obs_lightfixtures\\obs_silvercandlestick_04.nif"
    ]
  },
  {
    "lights": [
      {
        "data": {
          "cutoff": 0.1,
          "size": 3.0,
          "fade": 0.5,
          "flags": "InverseSquare|Flicker|IgnoreScale",
          "light": "Lux_FakeFlickerNS"
        },
        "points": [
          [
            0.0,
            0,
            55.0
          ]
        ]
      }
    ],
    "models": [
      "clutter\\imperial\\impcandle01.nif",
      "clutter\\imperial\\impcandle01_B.nif",
      "clutter\\imperial\\impcandle01_C.nif",
      "clutter\\imperial\\impcandle01_D.nif",
      "clutter\\imperial\\impcandle01_E.nif",
      "clutter\\imperial\\impcandle01_F.nif",
      "clutter\\imperial\\impcandle01_G.nif",
      "clutter\\imperial\\impcandle01_H.nif",
      "clutter\\imperial\\impcandle01_I.nif",
      "clutter\\imperial\\impcandle01_J.nif",
      "clutter\\imperial\\impcandle01_K.nif",
      "clutter\\silver\\silvercandlestick01.nif",
      "clutter\\silver\\silvercandlestick03.nif",
      "clutter\\sovngarde\\sovcandlestick01.nif",
      "clutter\\sovngarde\\sovcandlestick03.nif",
      "clutter\\sovngarde\\sovcandlestick01static.nif",
      "clutter\\sovngarde\\sovcandlestick03static.nif",
      "pg1\\clutter\\silver\\silvercandlestick03.nif",
      "pg1\\clutter\\silver\\silvercandlestick01.nif"
    ]
  },
  {
    "lights": [
      {
        "data": {
          "cutoff": 0.15,
          "fade": 0.5,
          "flags": "InverseSquare|Flicker|IgnoreScale",
          "light": "Lux_FakeFlickerNS"
        },
        "points": [
          [
            0.0,
            0.0,
            22.0
          ]
        ]
      }
    ],
    "models": [
      "clutter\\glazedcandles01.nif",
      "clutter\\glazedcandlesstatic02.nif",
      "clutter\\GlazedCandles01_B.nif",
      "clutter\\GlazedCandles01_C.nif",
      "clutter\\GlazedCandles01_D.nif",
      "clutter\\GlazedCandles01_E.nif",
      "clutter\\GlazedCandles01_F.nif",
      "clutter\\GlazedCandles01_G.nif",
      "clutter\\GlazedCandles01_H.nif",
      "clutter\\GlazedCandles01_I.nif",
      "clutter\\GlazedCandles01_J.nif",
      "clutter\\GlazedCandlesStatic03.nif",
      "clutter\\GlazedCandlesStatic04.nif",
      "clutter\\GlazedCandlesStatic05.nif",
      "clutter\\GlazedCandlesStatic06.nif",
      "clutter\\GlazedCandlesStatic07.nif",
      "clutter\\GlazedCandlesStatic08.nif",
      "clutter\\GlazedCandlesStatic09.nif",
      "clutter\\GlazedCandlesStatic010.nif",
      "clutter\\GlazedCandlesStatic011.nif",
      "clutter\\GlazedCandlesStatic012.nif",
      "clutter\\GlazedCandlesStatic013.nif",
      "clutter\\GlazedCandlesStatic014.nif",
      "clutter\\GlazedCandlesStatic015.nif",
      "clutter\\GlazedCandlesStatic016.nif"
    ]
  },
  {
    "lights": [
      {
        "data": {
          "cutoff": 0.15,
          "fade": 0.3,
          "flags": "IgnoreScale|InverseSquare",
          "light": "Lux_FakeFlickerNS"
        },
        "points": [
          [
            -23.0,
            0.0,
            30.0
          ]
        ]
      }
    ],
    "models": [
      "clutter\\ruins\\ruinscandlesconceon01.nif",
      "clutter\\ruins\\ruinscandlesconceon02.nif",
      "fuzzbeed\\dragoncultbronze\\clutter\\ruins\\ruinscandlesconceon01bronze.nif",
      "fuzzbeed\\dragoncultbronze\\clutter\\ruins\\ruinscandlesconceon02bronze.nif"
    ]
  },
  {
    "lights": [
      {
        "data": {
          "cutoff": 0.15,
          "fade": 0.3,
          "flags": "InverseSquare|Flicker|IgnoreScale",
          "light": "Lux_FakeFlickerNS"
        },
        "points": [
          [
            0.0,
            0.0,
            50.0
          ]
        ]
      }
    ],
    "models": [
      "clutter\\silver\\silvercandlestick02.nif",
      "clutter\\sovngarde\\sovcandlestick02.nif",
      "clutter\\sovngarde\\sovcandlestick02static.nif",
      "clutter\\silver\\silvercandlestick02_B.nif",
      "clutter\\silver\\silvercandlestick02_C.nif",
      "clutter\\silver\\silvercandlestick02_D.nif",
      "clutter\\silver\\silvercandlestick02_E.nif",
      "clutter\\silver\\silvercandlestick02_F.nif",
      "clutter\\silver\\silvercandlestick02_G.nif",
      "clutter\\silver\\silvercandlestick02_H.nif",
      "clutter\\silver\\silvercandlestick02_I.nif",
      "clutter\\silver\\silvercandlestick02_J.nif",
      "clutter\\silver\\silvercandlestick02_K.nif",
      "clutter\\silver\\silvercandlestick02_L.nif",
      "clutter\\silver\\silvercandlestick02_M.nif",
      "clutter\\silver\\silvercandlestick02_N.nif",
      "clutter\\silver\\silvercandlestick02_O.nif",
      "pg1\\clutter\\silver\\silvercandlestick02.nif"
    ]
  },
  {
    "lights": [
      {
        "data": {
          "cutoff": 0.15,
          "fade": 0.5,
          "flags": "InverseSquare|Flicker|IgnoreScale",
          "light": "Lux_FakeFlickerNS"
        },
        "points": [
          [
            0.0,
            0.0,
            30.0
          ]
        ]
      }
    ],
    "models": [
      "clutter\\ruins\\ruinsfloorcandlelampsmon.nif",
      "clutter\\ruins\\ruinsfloorcandlelampsmon02.nif",
      "fuzzbeed\\dragoncultbronze\\clutter\\ruins\\ruinsfloorcandlelampsmonbronze.nif",
      "fuzzbeed\\dragoncultbronze\\clutter\\ruins\\ruinsfloorcandlelampsmon02bronze.nif",
      "clutter\\shrines\\shrinebase.nif"
    ]
  },
  {
    "lights": [
      {
        "data": {
          "fade": 0.7,
          "flags": "InverseSquare|Flicker|IgnoreScale|PortalStrict",
          "light": "Lux_FakeFlickerNS"
        },
        "points": [
          [
            0.0,
            0.0,
            40.0
          ]
        ]
      }
    ],
    "models": [
      "clutter\\ruins\\RuinSmallFloorSconce.nif",
      "fuzzbeed\\dragoncultbronze\\clutter\\ruins\\RuinSmallFloorSconcebronze.nif"
    ]
  },
  {
    "lights": [
      {
        "data": {
          "cutoff": 0.04,
          "fade": 0.5,
          "flags": "InverseSquare|IgnoreScale",
          "light": "Lux_FakeFlickerNS"
        },
        "points": [
          [
            0.0,
            0.0,
            100.0
          ]
        ]
      }
    ],
    "models": [
      "clutter\\ruins\\ruinsfloorcandlelampmidon.nif",
      "clutter\\ruins\\ruinsfloorcandlelampmidon02.nif",
      "fuzzbeed\\dragoncultbronze\\clutter\\ruins\\ruinsfloorcandlelampmidonbronze.nif",
      "fuzzbeed\\dragoncultbronze\\clutter\\ruins\\ruinsfloorcandlelampmidon02bronze.nif"
    ]
  },
  {
    "lights": [
      {
        "data": {
          "cutoff": 0.1,
          "size": 3.6,
          "fade": 3.0,
          "flags": "InverseSquare|IgnoreScale",
          "light": "Lux_FakeFlickerNS"
        },
        "points": [
          [
            0.0,
            0.0,
            100.0
          ]
        ]
      }
    ],
    "models": [
      "clutter\\imperial\\impcandelabracandle01.nif",
      "clutter\\imperial\\impcandelabracandle02.nif"
    ]
  },
  {
    "lights": [
      {
        "data": {
          "cutoff": 0.1,
          "size": 2.0,
          "fade": 0.9,
          "flags": "InverseSquare|IgnoreScale",
          "light": "Lux_FakeFlickerNS"
        },
        "points": [
          [
            0.0,
            0.0,
            100.0
          ]
        ]
      }
    ],
    "models": [
      "clutter\\obs_lightfixtures\\obs_silvercandelabrapenta_01.nif",
      "clutter\\obs_lightfixtures\\obs_silvercandelabrasingle_01.nif",
      "clutter\\obs_lightfixtures\\obs_silvercandelabrasingle_02.nif",
      "clutter\\obs_lightfixtures\\obs_silvercandelabrasingle_03.nif",
      "clutter\\obs_lightfixtures\\obs_silvercandelabratriple_01.nif",
      "clutter\\obs_lightfixtures\\obs_silvercandelabratriple_02.nif"
    ]
  },
  {
    "lights": [
      {
        "data": {
          "cutoff": 0.04,
          "fade": 0.25,
          "flags": "InverseSquare|IgnoreScale",
          "light": "Lux_FakeFlickerNS"
        },
        "points": [
          [
            0.0,
            0.0,
            130.0
          ]
        ]
      }
    ],
    "models": [
      "clutter\\candles\\candlehornfloor01.nif",
      "Horn Candle Variants\\candlehornfloor01_HCV.nif"
    ]
  },
  {
    "lights": [
      {
        "data": {
          "cutoff": 0.1,
          "size": 1.7,
          "fade": 1.0,
          "flags": "InverseSquare|Flicker|IgnoreScale",
          "light": "Lux_FakeFlickerNS"
        },
        "points": [
          [
            -40.0,
            0.0,
            40.0
          ]
        ]
      }
    ],
    "models": [
      "clutter\\imperial\\impwallsconce02candleon01.nif",
      "clutter\\imperial\\impwallsconce02candleon01_B.nif",
      "clutter\\imperial\\impwallsconce02candleon01_C.nif",
      "clutter\\imperial\\impwallsconce02candleon01_D.nif",
      "clutter\\imperial\\impwallsconce02candleon01_E.nif",
      "clutter\\imperial\\impwallsconce02candleon01_F.nif",
      "clutter\\imperial\\impwallsconce02candleon01_G.nif",
      "clutter\\imperial\\impwallsconce02candleon01_H.nif",
      "clutter\\imperial\\impwallsconce02candleon01_I.nif",
      "clutter\\imperial\\impwallsconce02candleon01_J.nif",
      "clutter\\imperial\\impwallsconce02candleon01_K.nif"
    ]
  },
  {
    "lights": [
      {
        "data": {
          "fade": 1.2,
          "flags": "IgnoreScale",
          "light": "Lux_FakeFlickerNS",
          "radius": 64.0
        },
        "points": [
          [
            0.0,
            0.0,
            15.0
          ]
        ]
      }
    ],
    "models": [
      "clutter\\silver\\SilverCandleStick01_B.nif",
      "clutter\\silver\\SilverCandleStick01_C.nif",
      "clutter\\silver\\SilverCandleStick01_D.nif",
      "clutter\\silver\\SilverCandleStick01_E.nif",
      "clutter\\silver\\SilverCandleStick01_F.nif",
      "clutter\\silver\\SilverCandleStick01_G.nif",
      "clutter\\silver\\SilverCandleStick01_H.nif",
      "clutter\\silver\\SilverCandleStick01_I.nif",
      "clutter\\silver\\SilverCandleStick01_J.nif",
      "clutter\\silver\\SilverCandleStick03_B.nif",
      "clutter\\silver\\SilverCandleStick03_C.nif",
      "clutter\\silver\\SilverCandleStick03_D.nif",
      "clutter\\silver\\SilverCandleStick03_E.nif",
      "clutter\\silver\\SilverCandleStick03_F.nif",
      "clutter\\silver\\SilverCandleStick03_G.nif",
      "clutter\\silver\\SilverCandleStick03_H.nif",
      "clutter\\silver\\SilverCandleStick03_I.nif",
      "clutter\\silver\\SilverCandleStick03_J.nif"
    ]
  },
  {
    "lights": [
      {
        "data": {
          "cutoff": 0.15,
          "fade": 0.2,
          "flags": "InverseSquare|Flicker|IgnoreScale",
          "light": "Lux_FakeFlickerNS"
        },
        "points": [
          [
            -20.0,
            0.0,
            15.0
          ]
        ]
      }
    ],
    "models": [
      "clutter\\imperial\\impwallsconcecandle01.nif",
      "clutter\\imperial\\ImpWallSconceCandle01_B.nif",
      "clutter\\imperial\\ImpWallSconceCandle01_C.nif",
      "clutter\\imperial\\ImpWallSconceCandle01_D.nif",
      "clutter\\imperial\\ImpWallSconceCandle01_E.nif",
      "clutter\\imperial\\ImpWallSconceCandle01_F.nif",
      "clutter\\imperial\\ImpWallSconceCandle01_G.nif",
      "clutter\\imperial\\ImpWallSconceCandle01_H.nif",
      "clutter\\imperial\\ImpWallSconceCandle01_I.nif",
      "clutter\\imperial\\ImpWallSconceCandle01_J.nif",
      "clutter\\imperial\\ImpWallSconceCandle01_K.nif",
      "clutter\\imperial\\ImpWallSconceCandle01_L.nif",
      "clutter\\imperial\\ImpWallSconceCandle01_M.nif",
      "clutter\\imperial\\impwallsconcecandle02.nif"
    ]
  }
]